{
  "best_global_step": 27,
  "best_metric": 0.6903114318847656,
  "best_model_checkpoint": "./results/recovery_beta_0.05/checkpoint-27",
  "epoch": 1.0,
  "eval_steps": 500,
  "global_step": 27,
  "is_hyper_param_search": false,
  "is_local_process_zero": true,
  "is_world_process_zero": true,
  "log_history": [
    {
      "entropy": 3.877615451812744,
      "epoch": 0.037037037037037035,
      "grad_norm": 0.6750889420509338,
      "learning_rate": 0.0,
      "logits/chosen": -103.07797973274836,
      "logits/rejected": -104.45217651538394,
      "logps/chosen": -117.33855056762695,
      "logps/rejected": -97.83038711547852,
      "loss": 0.6931465268135071,
      "mean_token_accuracy": 0.5800586491823196,
      "num_tokens": 435.0,
      "rewards/accuracies": 0.5,
      "rewards/chosen": 1.3351440202313825e-06,
      "rewards/margins": 1.23977656585339e-06,
      "rewards/rejected": 9.536745437799254e-08,
      "step": 1
    },
    {
      "entropy": 3.625182867050171,
      "epoch": 0.07407407407407407,
      "grad_norm": 0.6602755784988403,
      "learning_rate": 5.555555555555556e-06,
      "logits/chosen": -114.69224260040141,
      "logits/rejected": -123.40580362768216,
      "logps/chosen": -169.08868026733398,
      "logps/rejected": -168.17237663269043,
      "loss": 0.693147599697113,
      "mean_token_accuracy": 0.580789178609848,
      "num_tokens": 1059.0,
      "rewards/accuracies": 0.5,
      "rewards/chosen": -5.53131121705519e-06,
      "rewards/margins": -8.583069757150952e-07,
      "rewards/rejected": -4.673004184496676e-06,
      "step": 2
    },
    {
      "entropy": 3.514893054962158,
      "epoch": 0.1111111111111111,
      "grad_norm": 0.4375409185886383,
      "learning_rate": 1.1111111111111112e-05,
      "logits/chosen": -94.53396704889113,
      "logits/rejected": -124.34691989037299,
      "logps/chosen": -53.353227615356445,
      "logps/rejected": -57.02571487426758,
      "loss": 0.6930808424949646,
      "mean_token_accuracy": 0.7419354915618896,
      "num_tokens": 1291.0,
      "rewards/accuracies": 1.0,
      "rewards/chosen": 0.0001544952428957913,
      "rewards/margins": 0.00013265610141388606,
      "rewards/rejected": 2.1839141481905244e-05,
      "step": 3
    },
    {
      "entropy": 1.7347495555877686,
      "epoch": 0.14814814814814814,
      "grad_norm": 0.7052932381629944,
      "learning_rate": 1.6666666666666667e-05,
      "logits/chosen": -66.95604346264368,
      "logits/rejected": -52.65653125,
      "logps/chosen": -133.44931030273438,
      "logps/rejected": -170.93878173828125,
      "loss": 0.6932886838912964,
      "mean_token_accuracy": 0.1781609207391739,
      "num_tokens": 2071.0,
      "rewards/accuracies": 0.0,
      "rewards/chosen": 4.7302248276537284e-05,
      "rewards/margins": -0.0002830505254678428,
      "rewards/rejected": 0.0003303527773823589,
      "step": 4
    },
    {
      "entropy": 4.041967868804932,
      "epoch": 0.18518518518518517,
      "grad_norm": 0.6150989532470703,
      "learning_rate": 2.2222222222222223e-05,
      "logits/chosen": -114.44365604285038,
      "logits/rejected": -113.02890481809018,
      "logps/chosen": -127.16399002075195,
      "logps/rejected": -129.2390899658203,
      "loss": 0.6929559707641602,
      "mean_token_accuracy": 0.6121212244033813,
      "num_tokens": 2377.0,
      "rewards/accuracies": 1.0,
      "rewards/chosen": 0.0003206253095413558,
      "rewards/margins": 0.00038242340815486386,
      "rewards/rejected": -6.179809133755043e-05,
      "step": 5
    },
    {
      "entropy": 1.4255717992782593,
      "epoch": 0.2222222222222222,
      "grad_norm": 0.2239643633365631,
      "learning_rate": 2.777777777777778e-05,
      "logits/chosen": -52.96306388608871,
      "logits/rejected": -68.40557270665323,
      "logps/chosen": -16.218582153320312,
      "logps/rejected": -27.16190528869629,
      "loss": 0.6933535933494568,
      "mean_token_accuracy": 0.4677419364452362,
      "num_tokens": 2957.0,
      "rewards/accuracies": 0.0,
      "rewards/chosen": 7.61032133596018e-05,
      "rewards/margins": -0.00041275029070675373,
      "rewards/rejected": 0.0004888534895144403,
      "step": 6
    },
    {
      "entropy": 4.08915901184082,
      "epoch": 0.25925925925925924,
      "grad_norm": 0.37134963274002075,
      "learning_rate": 3.3333333333333335e-05,
      "logits/chosen": -119.82298229586694,
      "logits/rejected": -117.03400133049692,
      "logps/chosen": -84.52164840698242,
      "logps/rejected": -93.81772041320801,
      "loss": 0.6929406523704529,
      "mean_token_accuracy": 0.4999999850988388,
      "num_tokens": 3168.0,
      "rewards/accuracies": 1.0,
      "rewards/chosen": 0.0004187584127066657,
      "rewards/margins": 0.00041303635225631297,
      "rewards/rejected": 5.7220458984375e-06,
      "step": 7
    },
    {
      "entropy": 4.160568952560425,
      "epoch": 0.2962962962962963,
      "grad_norm": 0.5426491498947144,
      "learning_rate": 3.888888888888889e-05,
      "logits/chosen": -121.98084257392473,
      "logits/rejected": -120.96906370757728,
      "logps/chosen": -69.54462432861328,
      "logps/rejected": -140.0169792175293,
      "loss": 0.6924394369125366,
      "mean_token_accuracy": 0.42258063703775406,
      "num_tokens": 3430.0,
      "rewards/accuracies": 1.0,
      "rewards/chosen": 0.00030765533483645413,
      "rewards/margins": 0.0014160156133584678,
      "rewards/rejected": -0.0011083603312727064,
      "step": 8
    },
    {
      "entropy": 3.9294145107269287,
      "epoch": 0.3333333333333333,
      "grad_norm": 0.4300171136856079,
      "learning_rate": 4.4444444444444447e-05,
      "logits/chosen": -110.77820611769152,
      "logits/rejected": -114.12433845766128,
      "logps/chosen": -62.17972373962402,
      "logps/rejected": -53.96689224243164,
      "loss": 0.6944304704666138,
      "mean_token_accuracy": 0.8225806355476379,
      "num_tokens": 3652.0,
      "rewards/accuracies": 0.0,
      "rewards/chosen": 0.002510452235583216,
      "rewards/margins": -0.0025633813347667456,
      "rewards/rejected": 0.005073833512142301,
      "step": 9
    },
    {
      "entropy": 3.6479448080062866,
      "epoch": 0.37037037037037035,
      "grad_norm": 1.1276289224624634,
      "learning_rate": 5e-05,
      "logits/chosen": -108.10142441593786,
      "logits/rejected": -116.72304338257001,
      "logps/chosen": -594.7354736328125,
      "logps/rejected": -196.26670837402344,
      "loss": 0.6922318339347839,
      "mean_token_accuracy": 0.3771023154258728,
      "num_tokens": 4282.0,
      "rewards/accuracies": 1.0,
      "rewards/chosen": -0.0003295898495707661,
      "rewards/margins": 0.0018318176735192537,
      "rewards/rejected": -0.0021614074939861894,
      "step": 10
    },
    {
      "entropy": 3.3107681274414062,
      "epoch": 0.4074074074074074,
      "grad_norm": 0.3846312463283539,
      "learning_rate": 4.997620553954645e-05,
      "logits/chosen": -107.8077392578125,
      "logits/rejected": -137.10614998109878,
      "logps/chosen": -64.35220336914062,
      "logps/rejected": -39.01039505004883,
      "loss": 0.6924839019775391,
      "mean_token_accuracy": 0.7580645084381104,
      "num_tokens": 4454.0,
      "rewards/accuracies": 1.0,
      "rewards/chosen": 0.0026844025996979326,
      "rewards/margins": 0.0013270855997689068,
      "rewards/rejected": 0.0013573169944720576,
      "step": 11
    },
    {
      "entropy": 3.9592117071151733,
      "epoch": 0.4444444444444444,
      "grad_norm": 0.6164143085479736,
      "learning_rate": 4.990486745229364e-05,
      "logits/chosen": -103.24614666354272,
      "logits/rejected": -123.75580104704827,
      "logps/chosen": -53.23535919189453,
      "logps/rejected": -62.88287353515625,
      "loss": 0.6919031143188477,
      "mean_token_accuracy": 0.7318548262119293,
      "num_tokens": 5086.0,
      "rewards/accuracies": 1.0,
      "rewards/chosen": 0.0032377243514929432,