{
  "best_global_step": 27,
  "best_metric": 0.6868615746498108,
  "best_model_checkpoint": "./results/recovery_beta_0.1/checkpoint-27",
  "epoch": 1.0,
  "eval_steps": 500,
  "global_step": 27,
  "is_hyper_param_search": false,
  "is_local_process_zero": true,
  "is_world_process_zero": true,
  "log_history": [
    {
      "entropy": 3.877615451812744,
      "epoch": 0.037037037037037035,
      "grad_norm": 1.4037895202636719,
      "learning_rate": 0.0,
      "logits/chosen": -103.07797973274836,
      "logits/rejected": -104.45217651538394,
      "logps/chosen": -117.33855056762695,
      "logps/rejected": -97.83038711547852,
      "loss": 0.6931458711624146,
      "mean_token_accuracy": 0.5800586491823196,
      "num_tokens": 435.0,
      "rewards/accuracies": 0.5,
      "rewards/chosen": 2.670288040462765e-06,
      "rewards/margins": 2.47955313170678e-06,
      "rewards/rejected": 1.907349087559851e-07,
      "step": 1
    },
    {
      "entropy": 3.625182867050171,
      "epoch": 0.07407407407407407,
      "grad_norm": 1.2959803342819214,
      "learning_rate": 5.555555555555556e-06,
      "logits/chosen": -114.69224260040141,
      "logits/rejected": -123.40580362768216,
      "logps/chosen": -169.08868026733398,
      "logps/rejected": -168.17237663269043,
      "loss": 0.6931480169296265,
      "mean_token_accuracy": 0.580789178609848,
      "num_tokens": 1059.0,
      "rewards/accuracies": 0.5,
      "rewards/chosen": -1.106262243411038e-05,
      "rewards/margins": -1.7166139514301904e-06,
      "rewards/rejected": -9.346008368993353e-06,
      "step": 2
    },
    {
      "entropy": 3.5149022340774536,
      "epoch": 0.1111111111111111,
      "grad_norm": 0.9058578610420227,
      "learning_rate": 1.1111111111111112e-05,
      "logits/chosen": -94.5344710811492,
      "logits/rejected": -124.34720734627017,
      "logps/chosen": -53.35356140136719,
      "logps/rejected": -57.02585983276367,
      "loss": 0.6930239200592041,
      "mean_token_accuracy": 0.7419354915618896,
      "num_tokens": 1291.0,
      "rewards/accuracies": 1.0,
      "rewards/chosen": 0.00027561188835534267,
      "rewards/margins": 0.00024642945936648175,
      "rewards/rejected": 2.918243353633443e-05,
      "step": 3
    },
    {
      "entropy": 1.7347400188446045,
      "epoch": 0.14814814814814814,
      "grad_norm": 1.3629441261291504,
      "learning_rate": 1.6666666666666667e-05,
      "logits/chosen": -66.95627357219827,
      "logits/rejected": -52.656953125,
      "logps/chosen": -133.44869995117188,
      "logps/rejected": -170.9383087158203,
      "loss": 0.6934233903884888,
      "mean_token_accuracy": 0.1781609207391739,
      "num_tokens": 2071.0,
      "rewards/accuracies": 0.0,
      "rewards/chosen": 0.00015563964552711695,
      "rewards/margins": -0.0005523681757040322,
      "rewards/rejected": 0.0007080078357830644,
      "step": 4
    },
    {
      "entropy": 4.041943430900574,
      "epoch": 0.18518518518518517,
      "grad_norm": 1.2414051294326782,
      "learning_rate": 2.2222222222222223e-05,
      "logits/chosen": -114.4455595999053,
      "logits/rejected": -113.02960645390397,
      "logps/chosen": -127.16535568237305,
      "logps/rejected": -129.2381362915039,
      "loss": 0.6928807497024536,
      "mean_token_accuracy": 0.6121212244033813,
      "num_tokens": 2377.0,
      "rewards/accuracies": 1.0,
      "rewards/chosen": 0.0005046844453318045,
      "rewards/margins": 0.0005329132109181955,
      "rewards/rejected": -2.8228751034475863e-05,
      "step": 5
    },
    {
      "entropy": 1.4253391027450562,
      "epoch": 0.2222222222222222,
      "grad_norm": 0.508852481842041,
      "learning_rate": 2.777777777777778e-05,
      "logits/chosen": -52.95256583921371,
      "logits/rejected": -68.39902028729838,
      "logps/chosen": -16.217084884643555,
      "logps/rejected": -27.158803939819336,
      "loss": 0.6936403512954712,
      "mean_token_accuracy": 0.4677419364452362,
      "num_tokens": 2957.0,
      "rewards/accuracies": 0.0,
      "rewards/chosen": 0.00030193329439498484,
      "rewards/margins": -0.00098590855486691,
      "rewards/rejected": 0.0012878418201580644,
      "step": 6
    },
    {
      "entropy": 4.089131593704224,
      "epoch": 0.25925925925925924,
      "grad_norm": 0.7545614838600159,
      "learning_rate": 3.3333333333333335e-05,
      "logits/chosen": -119.82514805947581,
      "logits/rejected": -117.03800440287003,
      "logps/chosen": -84.51918029785156,
      "logps/rejected": -93.81774139404297,
      "loss": 0.6926099061965942,
      "mean_token_accuracy": 0.4999999850988388,
      "num_tokens": 3168.0,
      "rewards/accuracies": 1.0,
      "rewards/chosen": 0.0010843276977539062,
      "rewards/margins": 0.0010749817010946572,
      "rewards/rejected": 9.345996659249067e-06,
      "step": 7
    },
    {
      "entropy": 4.160383105278015,
      "epoch": 0.2962962962962963,
      "grad_norm": 1.06260347366333,
      "learning_rate": 3.888888888888889e-05,
      "logits/chosen": -121.98260235530074,
      "logits/rejected": -120.96545375614565,
      "logps/chosen": -69.54297256469727,
      "logps/rejected": -140.01569747924805,
      "loss": 0.6917136907577515,
      "mean_token_accuracy": 0.42258063703775406,
      "num_tokens": 3430.0,
      "rewards/accuracies": 1.0,
      "rewards/chosen": 0.0007804870838299394,
      "rewards/margins": 0.002869033836759627,
      "rewards/rejected": -0.0020885468111373484,
      "step": 8
    },
    {
      "entropy": 3.9288246631622314,
      "epoch": 0.3333333333333333,
      "grad_norm": 0.847898006439209,
      "learning_rate": 4.4444444444444447e-05,
      "logits/chosen": -110.76859406502015,
      "logits/rejected": -114.10984753024194,
      "logps/chosen": -62.17104530334473,
      "logps/rejected": -53.958383560180664,
      "loss": 0.6957080364227295,
      "mean_token_accuracy": 0.8225806355476379,
      "num_tokens": 3652.0,
      "rewards/accuracies": 0.0,
      "rewards/chosen": 0.005888748448342085,
      "rewards/margins": -0.0051097869873046875,
      "rewards/rejected": 0.010998535435646772,
      "step": 9
    },
    {
      "entropy": 3.647821307182312,
      "epoch": 0.37037037037037035,
      "grad_norm": 2.117098808288574,
      "learning_rate": 5e-05,
      "logits/chosen": -108.10646630581654,
      "logits/rejected": -116.72851513078821,
      "logps/chosen": -594.7379760742188,
      "logps/rejected": -196.26954650878906,
      "loss": 0.6913005113601685,
      "mean_token_accuracy": 0.3771023154258728,
      "num_tokens": 4282.0,
      "rewards/accuracies": 1.0,
      "rewards/chosen": -0.0009094238193938509,
      "rewards/margins": 0.0036972046364098787,
      "rewards/rejected": -0.004606628557667136,
      "step": 10
    },
    {
      "entropy": 3.3108028173446655,
      "epoch": 0.4074074074074074,
      "grad_norm": 0.7990518808364868,
      "learning_rate": 4.997620553954645e-05,
      "logits/chosen": -107.81214560231855,
      "logits/rejected": -137.09298607610887,
      "logps/chosen": -64.34822845458984,
      "logps/rejected": -39.01003551483154,
      "loss": 0.6916407942771912,
      "mean_token_accuracy": 0.7580645084381104,
      "num_tokens": 4454.0,
      "rewards/accuracies": 1.0,
      "rewards/chosen": 0.005766296584624797,
      "rewards/margins": 0.003015708993189037,
      "rewards/rejected": 0.0027505876059876755,
      "step": 11
    },
    {
      "entropy": 3.9592013359069824,
      "epoch": 0.4444444444444444,
      "grad_norm": 1.2395213842391968,
      "learning_rate": 4.990486745229364e-05,
      "logits/chosen": -103.2467394182759,
      "logits/rejected": -123.75748000606414,
      "logps/chosen": -53.23477745056152,
      "logps/rejected": -62.883113861083984,
      "loss": 0.6906211376190186,
      "mean_token_accuracy": 0.7318548262119293,
      "num_tokens": 5086.0,
      "rewards/accuracies": 1.0,
      "rewards/chosen": 0.0065336229163222015,